[
  {
    "state": {
      "name": "F. C. T - Abuja",
      "postalCode": 900001,
      "lga": [
        {
          "name": "Bwari",
          "postalCode": 901101
        },
        {
          "name": "Gwagwalada",
          "postalCode": 902101
        },
        {
          "name": "Kuje",
          "postalCode": 903101
        },
        {
          "name": "Kwali",
          "postalCode": 904101
        },
        {
          "name": "Municipal Area Council",
          "postalCode": 900101
        }
      ]
    }
  },
  {
    "state": {
      "name": "Abia State",
      "postalCode": 440001,
      "lga": [
        {
          "name": "Aba South",
          "postalCode": 440001
        },
        {
          "name": "Arochukwu",
          "postalCode": 440001
        },
        {
          "name": "Bende",
          "postalCode": 440001
        },
        {
          "name": "Ikwuano",
          "postalCode": 440001
        },
        {
          "name": "Isiala Ngwa North",
          "postalCode": 440001
        },
        {
          "name": "Isiala Ngwa South",
          "postalCode": 440001
        },
        {
          "name": "Isuikwuato",
          "postalCode": 440001
        },
        {
          "name": "Obi Ngwa",
          "postalCode": 440001
        },
        {
          "name": "Ohafia",
          "postalCode": 440001
        },
        {
          "name": "Osisioma",
          "postalCode": 440001
        },
        {
          "name": "Ugwunagbo",
          "postalCode": 440001
        },
        {
          "name": "Ukwa East",
          "postalCode": 440001
        },
        {
          "name": "Ukwa West",
          "postalCode": 440001
        },
        {
          "name": "Umuahia North",
          "postalCode": 440001
        },
        {
          "name": "Umuahia South",
          "postalCode": 440001
        },
        {
          "name": "Umu Nneochi",
          "postalCode": 440001
        }
      ]
    }
  },
  {
    "state": {
      "name": "Adamawa State",
      "postalCode": 640001,
      "lga": [
        {
          "name": "Fufure",
          "postalCode": 640001
        },
        {
          "name": "Ganye",
          "postalCode": 640001
        },
        {
          "name": "Gayuk",
          "postalCode": 640001
        },
        {
          "name": "Gombi",
          "postalCode": 640001
        },
        {
          "name": "Grie",
          "postalCode": 640001
        },
        {
          "name": "Hong",
          "postalCode": 640001
        },
        {
          "name": "Jada",
          "postalCode": 640001
        },
        {
          "name": "Lamurde",
          "postalCode": 640001
        },
        {
          "name": "Madagali",
          "postalCode": 640001
        },
        {
          "name": "Maiha",
          "postalCode": 640001
        },
        {
          "name": "Mayo Belwa",
          "postalCode": 640001
        },
        {
          "name": "Michika",
          "postalCode": 640001
        },
        {
          "name": "Mubi North",
          "postalCode": 640001
        },
        {
          "name": "Mubi South",
          "postalCode": 640001
        },
        {
          "name": "Numan",
          "postalCode": 640001
        },
        {
          "name": "Shelleng",
          "postalCode": 640001
        },
        {
          "name": "Song",
          "postalCode": 640001
        },
        {
          "name": "Toungo",
          "postalCode": 640001
        },
        {
          "name": "Yola North",
          "postalCode": 640001
        },
        {
          "name": "Yola South",
          "postalCode": 640001
        }
      ]
    }
  },
  {
    "state": {
      "name": "Akwa Ibom State",
      "postalCode": 520001,
      "lga": [
        {
          "name": "Eastern Obolo",
          "postalCode": 520001
        },
        {
          "name": "Eket",
          "postalCode": 520001
        },
        {
          "name": "Esit Eket",
          "postalCode": 520001
        },
        {
          "name": "Essien Udim",
          "postalCode": 520001
        },
        {
          "name": "Etim Ekpo",
          "postalCode": 520001
        },
        {
          "name": "Etinan",
          "postalCode": 520001
        },
        {
          "name": "Ibeno",
          "postalCode": 520001
        },
        {
          "name": "Ibesikpo Asutan",
          "postalCode": 520001
        },
        {
          "name": "Ibiono-Ibom",
          "postalCode": 520001
        },
        {
          "name": "Ika",
          "postalCode": 520001
        },
        {
          "name": "Ikono",
          "postalCode": 520001
        },
        {
          "name": "Ikot Abasi",
          "postalCode": 520001
        },
        {
          "name": "Ikot Ekpene",
          "postalCode": 520001
        },
        {
          "name": "Ini",
          "postalCode": 520001
        },
        {
          "name": "Itu",
          "postalCode": 520001
        },
        {
          "name": "Mbo",
          "postalCode": 520001
        },
        {
          "name": "Mkpat-Enin",
          "postalCode": 520001
        },
        {
          "name": "Nsit-Atai",
          "postalCode": 520001
        },
        {
          "name": "Nsit-Ibom",
          "postalCode": 520001
        },
        {
          "name": "Nsit-Ubium",
          "postalCode": 520001
        },
        {
          "name": "Obot Akara",
          "postalCode": 520001
        },
        {
          "name": "Okobo",
          "postalCode": 520001
        },
        {
          "name": "Onna",
          "postalCode": 520001
        },
        {
          "name": "Oron",
          "postalCode": 520001
        },
        {
          "name": "Oruk Anam",
          "postalCode": 520001
        },
        {
          "name": "Udung-Uko",
          "postalCode": 520001
        },
        {
          "name": "Ukanafun",
          "postalCode": 520001
        },
        {
          "name": "Uruan",
          "postalCode": 520001
        },
        {
          "name": "Urue-Offong\/Oruko",
          "postalCode": 520001
        },
        {
          "name": "Uyo",
          "postalCode": 520001
        }
      ]
    }
  },
  {
    "state": {
      "name": "Anambra State",
      "postalCode": 420001,
      "lga": [
        {
          "name": "Anambra East",
          "postalCode": 420001
        },
        {
          "name": "Anambra West",
          "postalCode": 420001
        },
        {
          "name": "Anaocha",
          "postalCode": 420001
        },
        {
          "name": "Awka North",
          "postalCode": 420001
        },
        {
          "name": "Awka South",
          "postalCode": 420001
        },
        {
          "name": "Ayamelum",
          "postalCode": 420001
        },
        {
          "name": "Dunukofia",
          "postalCode": 420001
        },
        {
          "name": "Ekwusigo",
          "postalCode": 420001
        },
        {
          "name": "postalCodeemili North",
          "postalCode": 420001
        },
        {
          "name": "postalCodeemili South",
          "postalCode": 420001
        },
        {
          "name": "Ihiala",
          "postalCode": 420001
        },
        {
          "name": "Njikoka",
          "postalCode": 420001
        },
        {
          "name": "Nnewi North",
          "postalCode": 420001
        },
        {
          "name": "Nnewi South",
          "postalCode": 420001
        },
        {
          "name": "Ogbaru",
          "postalCode": 420001
        },
        {
          "name": "Onitsha North",
          "postalCode": 420001
        },
        {
          "name": "Onitsha South",
          "postalCode": 420001
        },
        {
          "name": "Orumba North",
          "postalCode": 420001
        },
        {
          "name": "Orumba South",
          "postalCode": 420001
        },
        {
          "name": "Oyi",
          "postalCode": 420001
        }
      ]
    }
  },
  {
    "state": {
      "name": "Bauchi State",
      "postalCode": 740001,
      "lga": [
        {
          "name": "Bauchi",
          "postalCode": 740001
        },
        {
          "name": "Bogoro",
          "postalCode": 740001
        },
        {
          "name": "Damban",
          "postalCode": 740001
        },
        {
          "name": "Darazo",
          "postalCode": 740001
        },
        {
          "name": "Dass",
          "postalCode": 740001
        },
        {
          "name": "Gamawa",
          "postalCode": 740001
        },
        {
          "name": "Ganjuwa",
          "postalCode": 740001
        },
        {
          "name": "Giade",
          "postalCode": 740001
        },
        {
          "name": "Itas\/Gadau",
          "postalCode": 740001
        },
        {
          "name": "Jama'are",
          "postalCode": 740001
        },
        {
          "name": "Katagum",
          "postalCode": 740001
        },
        {
          "name": "Kirfi",
          "postalCode": 740001
        },
        {
          "name": "Misau",
          "postalCode": 740001
        },
        {
          "name": "Ningi",
          "postalCode": 740001
        },
        {
          "name": "Shira",
          "postalCode": 740001
        },
        {
          "name": "Tafawa Balewa",
          "postalCode": 740001
        },
        {
          "name": "Toro",
          "postalCode": 740001
        },
        {
          "name": "Warji",
          "postalCode": 740001
        },
        {
          "name": "Zaki",
          "postalCode": 740001
        }
      ]
    }
  },
  {
    "state": {
      "name": "Bayelsa State",
      "postalCode": 561001,
      "lga": [
        {
          "name": "Ekeremor",
          "postalCode": 561001
        },
        {
          "name": "Kolokuma\/Opokuma",
          "postalCode": 561001
        },
        {
          "name": "Nembe",
          "postalCode": 561001
        },
        {
          "name": "Ogbia",
          "postalCode": 561001
        },
        {
          "name": "Sagbama",
          "postalCode": 561001
        },
        {
          "name": "Southern Ijaw",
          "postalCode": 561001
        },
        {
          "name": "Yenagoa",
          "postalCode": 561001
        }
      ]
    }
  },
  {
    "state": {
      "name": "Benue State",
      "postalCode": 970001,
      "lga": [
        {
          "name": "Apa",
          "postalCode": 970001
        },
        {
          "name": "Ado",
          "postalCode": 970001
        },
        {
          "name": "Buruku",
          "postalCode": 970001
        },
        {
          "name": "Gboko",
          "postalCode": 970001
        },
        {
          "name": "Guma",
          "postalCode": 970001
        },
        {
          "name": "Gwer East",
          "postalCode": 970001
        },
        {
          "name": "Gwer West",
          "postalCode": 970001
        },
        {
          "name": "Katsina-Ala",
          "postalCode": 970001
        },
        {
          "name": "Konshisha",
          "postalCode": 970001
        },
        {
          "name": "Kwande",
          "postalCode": 970001
        },
        {
          "name": "Logo",
          "postalCode": 970001
        },
        {
          "name": "Makurdi",
          "postalCode": 970001
        },
        {
          "name": "Obi",
          "postalCode": 970001
        },
        {
          "name": "Ogbadibo",
          "postalCode": 970001
        },
        {
          "name": "Ohimini",
          "postalCode": 970001
        },
        {
          "name": "Oju",
          "postalCode": 970001
        },
        {
          "name": "Okpokwu",
          "postalCode": 970001
        },
        {
          "name": "Oturkpo",
          "postalCode": 970001
        },
        {
          "name": "Tarka",
          "postalCode": 970001
        },
        {
          "name": "Ukum",
          "postalCode": 970001
        },
        {
          "name": "Ushongo",
          "postalCode": 970001
        },
        {
          "name": "Vandeikya",
          "postalCode": 970001
        }
      ]
    }
  },
  {
    "state": {
      "name": "Borno State",
      "postalCode": 600001,
      "lga": [
        {
          "name": "Askira\/Uba",
          "postalCode": 600001
        },
        {
          "name": "Bama",
          "postalCode": 600001
        },
        {
          "name": "Bayo",
          "postalCode": 600001
        },
        {
          "name": "Biu",
          "postalCode": 600001
        },
        {
          "name": "Chibok",
          "postalCode": 600001
        },
        {
          "name": "Damboa",
          "postalCode": 600001
        },
        {
          "name": "Dikwa",
          "postalCode": 600001
        },
        {
          "name": "Gubio",
          "postalCode": 600001
        },
        {
          "name": "Guzamala",
          "postalCode": 600001
        },
        {
          "name": "Gwoza",
          "postalCode": 600001
        },
        {
          "name": "Hawul",
          "postalCode": 600001
        },
        {
          "name": "Jere",
          "postalCode": 600001
        },
        {
          "name": "Kaga",
          "postalCode": 600001
        },
        {
          "name": "Kala\/Balge",
          "postalCode": 600001
        },
        {
          "name": "Konduga",
          "postalCode": 600001
        },
        {
          "name": "Kukawa",
          "postalCode": 600001
        },
        {
          "name": "Kwaya Kusar",
          "postalCode": 600001
        },
        {
          "name": "Mafa",
          "postalCode": 600001
        },
        {
          "name": "Magumeri",
          "postalCode": 600001
        },
        {
          "name": "Maiduguri",
          "postalCode": 600001
        },
        {
          "name": "Marte",
          "postalCode": 600001
        },
        {
          "name": "Mobbar",
          "postalCode": 600001
        },
        {
          "name": "Monguno",
          "postalCode": 600001
        },
        {
          "name": "Ngala",
          "postalCode": 600001
        },
        {
          "name": "Nganzai",
          "postalCode": 600001
        },
        {
          "name": "Shani",
          "postalCode": 600001
        }
      ]
    }
  },
  {
    "state": {
      "name": "Cross River State",
      "postalCode": 540001,
      "lga": [
        {
          "name": "Akamkpa",
          "postalCode": 540001
        },
        {
          "name": "Akpabuyo",
          "postalCode": 540001
        },
        {
          "name": "Bakassi",
          "postalCode": 540001
        },
        {
          "name": "Bekwarra",
          "postalCode": 540001
        },
        {
          "name": "Biase",
          "postalCode": 540001
        },
        {
          "name": "Boki",
          "postalCode": 540001
        },
        {
          "name": "Calabar Municipal",
          "postalCode": 540001
        },
        {
          "name": "Calabar South",
          "postalCode": 540001
        },
        {
          "name": "Etung",
          "postalCode": 540001
        },
        {
          "name": "Ikom",
          "postalCode": 540001
        },
        {
          "name": "Obanliku",
          "postalCode": 540001
        },
        {
          "name": "Obubra",
          "postalCode": 540001
        },
        {
          "name": "Obudu",
          "postalCode": 540001
        },
        {
          "name": "Odukpani",
          "postalCode": 540001
        },
        {
          "name": "Ogoja",
          "postalCode": 540001
        },
        {
          "name": "Yakuur",
          "postalCode": 540001
        },
        {
          "name": "Yala",
          "postalCode": 540001
        }
      ]
    }
  },
  {
    "state": {
      "name": "Delta State",
      "postalCode": 320001,
      "lga": [
        {
          "name": "Aniocha South",
          "postalCode": 320001
        },
        {
          "name": "Bomadi",
          "postalCode": 320001
        },
        {
          "name": "Burutu",
          "postalCode": 320001
        },
        {
          "name": "Ethiope East",
          "postalCode": 320001
        },
        {
          "name": "Ethiope West",
          "postalCode": 320001
        },
        {
          "name": "Ika North East",
          "postalCode": 320001
        },
        {
          "name": "Ika South",
          "postalCode": 320001
        },
        {
          "name": "Isoko North",
          "postalCode": 320001
        },
        {
          "name": "Isoko South",
          "postalCode": 320001
        },
        {
          "name": "Ndokwa East",
          "postalCode": 320001
        },
        {
          "name": "Ndokwa West",
          "postalCode": 320001
        },
        {
          "name": "Okpe",
          "postalCode": 320001
        },
        {
          "name": "Oshimili North",
          "postalCode": 320001
        },
        {
          "name": "Oshimili South",
          "postalCode": 320001
        },
        {
          "name": "Patani",
          "postalCode": 320001
        },
        {
          "name": "Sapele",
          "postalCode": 320001
        },
        {
          "name": "Udu",
          "postalCode": 320001
        },
        {
          "name": "Ughelli North",
          "postalCode": 320001
        },
        {
          "name": "Ughelli South",
          "postalCode": 320001
        },
        {
          "name": "Ukwuani",
          "postalCode": 320001
        },
        {
          "name": "Uvwie",
          "postalCode": 320001
        },
        {
          "name": "Warri North",
          "postalCode": 320001
        },
        {
          "name": "Warri South",
          "postalCode": 320001
        },
        {
          "name": "Warri South West",
          "postalCode": 320001
        }
      ]
    }
  },
  {
    "state": {
      "name": "Ebonyi State",
      "postalCode": 840001,
      "lga": [
        {
          "name": "Afikpo North",
          "postalCode": 840001
        },
        {
          "name": "Afikpo South",
          "postalCode": 840001
        },
        {
          "name": "Ebonyi",
          "postalCode": 840001
        },
        {
          "name": "Ezza North",
          "postalCode": 840001
        },
        {
          "name": "Ezza South",
          "postalCode": 840001
        },
        {
          "name": "Ikwo",
          "postalCode": 840001
        },
        {
          "name": "Ishielu",
          "postalCode": 840001
        },
        {
          "name": "Ivo",
          "postalCode": 840001
        },
        {
          "name": "Izzi",
          "postalCode": 840001
        },
        {
          "name": "Ohaozara",
          "postalCode": 840001
        },
        {
          "name": "Ohaukwu",
          "postalCode": 840001
        },
        {
          "name": "Onicha",
          "postalCode": 840001
        }
      ]
    }
  },
  {
    "state": {
      "name": "Edo State",
      "postalCode": 300001,
      "lga": [
        {
          "name": "Egor",
          "postalCode": 300001
        },
        {
          "name": "Esan Central",
          "postalCode": 300001
        },
        {
          "name": "Esan North-East",
          "postalCode": 300001
        },
        {
          "name": "Esan South-East",
          "postalCode": 300001
        },
        {
          "name": "Esan West",
          "postalCode": 300001
        },
        {
          "name": "Etsako Central",
          "postalCode": 300001
        },
        {
          "name": "Etsako East",
          "postalCode": 300001
        },
        {
          "name": "Etsako West",
          "postalCode": 300001
        },
        {
          "name": "Igueben",
          "postalCode": 300001
        },
        {
          "name": "Ikpoba Okha",
          "postalCode": 300001
        },
        {
          "name": "Orhionmwon",
          "postalCode": 300001
        },
        {
          "name": "Oredo",
          "postalCode": 300001
        },
        {
          "name": "Ovia North-East",
          "postalCode": 300001
        },
        {
          "name": "Ovia South-West",
          "postalCode": 300001
        },
        {
          "name": "Owan East",
          "postalCode": 300001
        },
        {
          "name": "Owan West",
          "postalCode": 300001
        },
        {
          "name": "Uhunmwonde",
          "postalCode": 300001
        }
      ]
    }
  },
  {
    "state": {
      "name": "Ekiti State",
      "postalCode": 360001,
      "lga": [
        {
          "name": "Efon",
          "postalCode": 360001
        },
        {
          "name": "Ekiti East",
          "postalCode": 360001
        },
        {
          "name": "Ekiti South-West",
          "postalCode": 360001
        },
        {
          "name": "Ekiti West",
          "postalCode": 360001
        },
        {
          "name": "Emure",
          "postalCode": 360001
        },
        {
          "name": "Gbonyin",
          "postalCode": 360001
        },
        {
          "name": "postalCodeo Osi",
          "postalCode": 360001
        },
        {
          "name": "Ijero",
          "postalCode": 360001
        },
        {
          "name": "Ikere",
          "postalCode": 360001
        },
        {
          "name": "Ikole",
          "postalCode": 360001
        },
        {
          "name": "Ilejemeje",
          "postalCode": 360001
        },
        {
          "name": "Irepodun\/Ifelodun",
          "postalCode": 360001
        },
        {
          "name": "Ise\/Orun",
          "postalCode": 360001
        },
        {
          "name": "Moba",
          "postalCode": 360001
        },
        {
          "name": "Oye",
          "postalCode": 360001
        }
      ]
    }
  },
  {
    "state": {
      "name": "Enugu State",
      "postalCode": 400001,
      "lga": [
        {
          "name": "Awgu",
          "postalCode": 400001
        },
        {
          "name": "Enugu East",
          "postalCode": 400001
        },
        {
          "name": "Enugu North",
          "postalCode": 400001
        },
        {
          "name": "Enugu South",
          "postalCode": 400001
        },
        {
          "name": "Ezeagu",
          "postalCode": 400001
        },
        {
          "name": "Igbo Etiti",
          "postalCode": 400001
        },
        {
          "name": "Igbo Eze North",
          "postalCode": 400001
        },
        {
          "name": "Igbo Eze South",
          "postalCode": 400001
        },
        {
          "name": "Isi Uzo",
          "postalCode": 400001
        },
        {
          "name": "Nkanu East",
          "postalCode": 400001
        },
        {
          "name": "Nkanu West",
          "postalCode": 400001
        },
        {
          "name": "Nsukka",
          "postalCode": 400001
        },
        {
          "name": "Oji River",
          "postalCode": 400001
        },
        {
          "name": "Udenu",
          "postalCode": 400001
        },
        {
          "name": "Udi",
          "postalCode": 400001
        },
        {
          "name": "Uzo Uwani",
          "postalCode": 400001
        }
      ]
    }
  },
  {
    "state": {
      "name": "Gombe State",
      "postalCode": 760001,
      "lga": [
        {
          "name": "Balanga",
          "postalCode": 760001
        },
        {
          "name": "Billiri",
          "postalCode": 760001
        },
        {
          "name": "Dukku",
          "postalCode": 760001
        },
        {
          "name": "Funakaye",
          "postalCode": 760001
        },
        {
          "name": "Gombe",
          "postalCode": 760001
        },
        {
          "name": "Kaltungo",
          "postalCode": 760001
        },
        {
          "name": "Kwami",
          "postalCode": 760001
        },
        {
          "name": "Nafada",
          "postalCode": 760001
        },
        {
          "name": "Shongom",
          "postalCode": 760001
        },
        {
          "name": "Yamaltu\/Deba",
          "postalCode": 760001
        }
      ]
    }
  },
  {
    "state": {
      "name": "Imo State",
      "postalCode": 460001,
      "lga": [
        {
          "name": "Ahiazu Mbaise",
          "postalCode": 460001
        },
        {
          "name": "Ehime Mbano",
          "postalCode": 460001
        },
        {
          "name": "Ezinihitte",
          "postalCode": 460001
        },
        {
          "name": "postalCodeeato North",
          "postalCode": 460001
        },
        {
          "name": "postalCodeeato South",
          "postalCode": 460001
        },
        {
          "name": "Ihitte\/Uboma",
          "postalCode": 460001
        },
        {
          "name": "Ikeduru",
          "postalCode": 460001
        },
        {
          "name": "Isiala Mbano",
          "postalCode": 460001
        },
        {
          "name": "Isu",
          "postalCode": 460001
        },
        {
          "name": "Mbaitoli",
          "postalCode": 460001
        },
        {
          "name": "Ngor Okpala",
          "postalCode": 460001
        },
        {
          "name": "Njaba",
          "postalCode": 460001
        },
        {
          "name": "Nkwerre",
          "postalCode": 460001
        },
        {
          "name": "Nwangele",
          "postalCode": 460001
        },
        {
          "name": "Obowo",
          "postalCode": 460001
        },
        {
          "name": "Oguta",
          "postalCode": 460001
        },
        {
          "name": "Ohaji\/Egbema",
          "postalCode": 460001
        },
        {
          "name": "Okigwe",
          "postalCode": 460001
        },
        {
          "name": "Orlu",
          "postalCode": 460001
        },
        {
          "name": "Orsu",
          "postalCode": 460001
        },
        {
          "name": "Oru East",
          "postalCode": 460001
        },
        {
          "name": "Oru West",
          "postalCode": 460001
        },
        {
          "name": "Owerri Municipal",
          "postalCode": 460001
        },
        {
          "name": "Owerri North",
          "postalCode": 460001
        },
        {
          "name": "Owerri West",
          "postalCode": 460001
        },
        {
          "name": "Unuimo",
          "postalCode": 460001
        }
      ]
    }
  },
  {
    "state": {
      "name": "Jigawa State",
      "postalCode": 720001,
      "lga": [
        {
          "name": "Babura",
          "postalCode": 720001
        },
        {
          "name": "Biriniwa",
          "postalCode": 720001
        },
        {
          "name": "Birnin Kudu",
          "postalCode": 720001
        },
        {
          "name": "Buji",
          "postalCode": 720001
        },
        {
          "name": "Dutse",
          "postalCode": 720001
        },
        {
          "name": "Gagarawa",
          "postalCode": 720001
        },
        {
          "name": "Garki",
          "postalCode": 720001
        },
        {
          "name": "Gumel",
          "postalCode": 720001
        },
        {
          "name": "Guri",
          "postalCode": 720001
        },
        {
          "name": "Gwaram",
          "postalCode": 720001
        },
        {
          "name": "Gwiwa",
          "postalCode": 720001
        },
        {
          "name": "Hadejia",
          "postalCode": 720001
        },
        {
          "name": "Jahun",
          "postalCode": 720001
        },
        {
          "name": "Kafin Hausa",
          "postalCode": 720001
        },
        {
          "name": "Kazaure",
          "postalCode": 720001
        },
        {
          "name": "Kiri Kasama",
          "postalCode": 720001
        },
        {
          "name": "Kiyawa",
          "postalCode": 720001
        },
        {
          "name": "Kaugama",
          "postalCode": 720001
        },
        {
          "name": "Maigatari",
          "postalCode": 720001
        },
        {
          "name": "Malam Madori",
          "postalCode": 720001
        },
        {
          "name": "Miga",
          "postalCode": 720001
        },
        {
          "name": "Ringim",
          "postalCode": 720001
        },
        {
          "name": "Roni",
          "postalCode": 720001
        },
        {
          "name": "Sule Tankarkar",
          "postalCode": 720001
        },
        {
          "name": "Taura",
          "postalCode": 720001
        },
        {
          "name": "Yankwashi",
          "postalCode": 720001
        }
      ]
    }
  },
  {
    "state": {
      "name": "Kaduna State",
      "postalCode": 700001,
      "lga": [
        {
          "name": "Chikun",
          "postalCode": 700001
        },
        {
          "name": "Giwa",
          "postalCode": 700001
        },
        {
          "name": "Igabi",
          "postalCode": 700001
        },
        {
          "name": "Ikara",
          "postalCode": 700001
        },
        {
          "name": "Jaba",
          "postalCode": 700001
        },
        {
          "name": "Jema'a",
          "postalCode": 700001
        },
        {
          "name": "Kachia",
          "postalCode": 700001
        },
        {
          "name": "Kaduna North",
          "postalCode": 700001
        },
        {
          "name": "Kaduna South",
          "postalCode": 700001
        },
        {
          "name": "Kagarko",
          "postalCode": 700001
        },
        {
          "name": "Kajuru",
          "postalCode": 700001
        },
        {
          "name": "Kaura",
          "postalCode": 700001
        },
        {
          "name": "Kauru",
          "postalCode": 700001
        },
        {
          "name": "Kubau",
          "postalCode": 700001
        },
        {
          "name": "Kudan",
          "postalCode": 700001
        },
        {
          "name": "Lere",
          "postalCode": 700001
        },
        {
          "name": "Makarfi",
          "postalCode": 700001
        },
        {
          "name": "Sabon Gari",
          "postalCode": 700001
        },
        {
          "name": "Sanga",
          "postalCode": 700001
        },
        {
          "name": "Soba",
          "postalCode": 700001
        },
        {
          "name": "Zangon Kataf",
          "postalCode": 700001
        },
        {
          "name": "Zaria",
          "postalCode": 700001
        }
      ]
    }
  },
  {
    "state": {
      "name": "Kano State",
      "postalCode": 800001,
      "lga": [
        {
          "name": "Albasu",
          "postalCode": 800001
        },
        {
          "name": "Bagwai",
          "postalCode": 800001
        },
        {
          "name": "Bebeji",
          "postalCode": 800001
        },
        {
          "name": "Bichi",
          "postalCode": 800001
        },
        {
          "name": "Bunkure",
          "postalCode": 800001
        },
        {
          "name": "Dala",
          "postalCode": 800001
        },
        {
          "name": "Dambatta",
          "postalCode": 800001
        },
        {
          "name": "Dawakin Kudu",
          "postalCode": 800001
        },
        {
          "name": "Dawakin Tofa",
          "postalCode": 800001
        },
        {
          "name": "Doguwa",
          "postalCode": 800001
        },
        {
          "name": "Fagge",
          "postalCode": 800001
        },
        {
          "name": "Gabasawa",
          "postalCode": 800001
        },
        {
          "name": "Garko",
          "postalCode": 800001
        },
        {
          "name": "Garun Mallam",
          "postalCode": 800001
        },
        {
          "name": "Gaya",
          "postalCode": 800001
        },
        {
          "name": "Gezawa",
          "postalCode": 800001
        },
        {
          "name": "Gwale",
          "postalCode": 800001
        },
        {
          "name": "Gwarzo",
          "postalCode": 800001
        },
        {
          "name": "Kabo",
          "postalCode": 800001
        },
        {
          "name": "Kano Municipal",
          "postalCode": 800001
        },
        {
          "name": "Karaye",
          "postalCode": 800001
        },
        {
          "name": "Kibiya",
          "postalCode": 800001
        },
        {
          "name": "Kiru",
          "postalCode": 800001
        },
        {
          "name": "Kumbotso",
          "postalCode": 800001
        },
        {
          "name": "Kunchi",
          "postalCode": 800001
        },
        {
          "name": "Kura",
          "postalCode": 800001
        },
        {
          "name": "Madobi",
          "postalCode": 800001
        },
        {
          "name": "Makoda",
          "postalCode": 800001
        },
        {
          "name": "Minjibir",
          "postalCode": 800001
        },
        {
          "name": "Nasarawa",
          "postalCode": 800001
        },
        {
          "name": "Rano",
          "postalCode": 800001
        },
        {
          "name": "Rimin Gado",
          "postalCode": 800001
        },
        {
          "name": "Rogo",
          "postalCode": 800001
        },
        {
          "name": "Shanono",
          "postalCode": 800001
        },
        {
          "name": "Sumaila",
          "postalCode": 800001
        },
        {
          "name": "Takai",
          "postalCode": 800001
        },
        {
          "name": "Tarauni",
          "postalCode": 800001
        },
        {
          "name": "Tofa",
          "postalCode": 800001
        },
        {
          "name": "Tsanyawa",
          "postalCode": 800001
        },
        {
          "name": "Tudun Wada",
          "postalCode": 800001
        },
        {
          "name": "Ungogo",
          "postalCode": 800001
        },
        {
          "name": "Warawa",
          "postalCode": 800001
        },
        {
          "name": "Wudil",
          "postalCode": 800001
        }
      ]
    }
  },
  {
    "state": {
      "name": "Katsina State",
      "postalCode": 820001,
      "lga": [
        {
          "name": "Batagarawa",
          "postalCode": 820001
        },
        {
          "name": "Batsari",
          "postalCode": 820001
        },
        {
          "name": "Baure",
          "postalCode": 820001
        },
        {
          "name": "Bindawa",
          "postalCode": 820001
        },
        {
          "name": "Charanchi",
          "postalCode": 820001
        },
        {
          "name": "Dandume",
          "postalCode": 820001
        },
        {
          "name": "Danja",
          "postalCode": 820001
        },
        {
          "name": "Dan Musa",
          "postalCode": 820001
        },
        {
          "name": "Daura",
          "postalCode": 820001
        },
        {
          "name": "Dutsi",
          "postalCode": 820001
        },
        {
          "name": "Dutsin Ma",
          "postalCode": 820001
        },
        {
          "name": "Faskari",
          "postalCode": 820001
        },
        {
          "name": "Funtua",
          "postalCode": 820001
        },
        {
          "name": "Ingawa",
          "postalCode": 820001
        },
        {
          "name": "Jibia",
          "postalCode": 820001
        },
        {
          "name": "Kafur",
          "postalCode": 820001
        },
        {
          "name": "Kaita",
          "postalCode": 820001
        },
        {
          "name": "Kankara",
          "postalCode": 820001
        },
        {
          "name": "Kankia",
          "postalCode": 820001
        },
        {
          "name": "Katsina",
          "postalCode": 820001
        },
        {
          "name": "Kurfi",
          "postalCode": 820001
        },
        {
          "name": "Kusada",
          "postalCode": 820001
        },
        {
          "name": "Mai'Adua",
          "postalCode": 820001
        },
        {
          "name": "Malumfashi",
          "postalCode": 820001
        },
        {
          "name": "Mani",
          "postalCode": 820001
        },
        {
          "name": "Mashi",
          "postalCode": 820001
        },
        {
          "name": "Matazu",
          "postalCode": 820001
        },
        {
          "name": "Musawa",
          "postalCode": 820001
        },
        {
          "name": "Rimi",
          "postalCode": 820001
        },
        {
          "name": "Sabuwa",
          "postalCode": 820001
        },
        {
          "name": "Safana",
          "postalCode": 820001
        },
        {
          "name": "Sandamu",
          "postalCode": 820001
        },
        {
          "name": "Zango",
          "postalCode": 820001
        }
      ]
    }
  },
  {
    "state": {
      "name": "Kebbi State",
      "postalCode": 860001,
      "lga": [
        {
          "name": "Arewa Dandi",
          "postalCode": 1
        },
        {
          "name": "Argungu",
          "postalCode": 2
        },
        {
          "name": "Augie",
          "postalCode": 3
        },
        {
          "name": "Bagudo",
          "postalCode": 4
        },
        {
          "name": "Birnin Kebbi",
          "postalCode": 5
        },
        {
          "name": "Bunza",
          "postalCode": 6
        },
        {
          "name": "Dandi",
          "postalCode": 7
        },
        {
          "name": "Fakai",
          "postalCode": 8
        },
        {
          "name": "Gwandu",
          "postalCode": 9
        },
        {
          "name": "Jega",
          "postalCode": 10
        },
        {
          "name": "Kalgo",
          "postalCode": 11
        },
        {
          "name": "Koko\/Besse",
          "postalCode": 12
        },
        {
          "name": "Maiyama",
          "postalCode": 13
        },
        {
          "name": "Ngaski",
          "postalCode": 14
        },
        {
          "name": "Sakaba",
          "postalCode": 15
        },
        {
          "name": "Shanga",
          "postalCode": 16
        },
        {
          "name": "Suru",
          "postalCode": 17
        },
        {
          "name": "Wasagu\/Danko",
          "postalCode": 18
        },
        {
          "name": "Yauri",
          "postalCode": 19
        },
        {
          "name": "Zuru",
          "postalCode": 20
        }
      ]
    }
  },
  {
    "state": {
      "name": "Kogi State",
      "postalCode": 260001,
      "lga": [
        {
          "name": "Ajaokuta",
          "postalCode": 1
        },
        {
          "name": "Ankpa",
          "postalCode": 2
        },
        {
          "name": "Bassa",
          "postalCode": 3
        },
        {
          "name": "Dekina",
          "postalCode": 4
        },
        {
          "name": "Ibaji",
          "postalCode": 5
        },
        {
          "name": "postalCodeah",
          "postalCode": 6
        },
        {
          "name": "Igalamela Odolu",
          "postalCode": 7
        },
        {
          "name": "Ijumu",
          "postalCode": 8
        },
        {
          "name": "Kabba\/Bunu",
          "postalCode": 9
        },
        {
          "name": "Kogi",
          "postalCode": 10
        },
        {
          "name": "Lokoja",
          "postalCode": 270001
        },
        {
          "name": "Mopa Muro",
          "postalCode": 12
        },
        {
          "name": "Ofu",
          "postalCode": 13
        },
        {
          "name": "Ogori\/Magongo",
          "postalCode": 14
        },
        {
          "name": "Okehi",
          "postalCode": 15
        },
        {
          "name": "Okene",
          "postalCode": 16
        },
        {
          "name": "Olamaboro",
          "postalCode": 17
        },
        {
          "name": "Omala",
          "postalCode": 18
        },
        {
          "name": "Yagba East",
          "postalCode": 19
        },
        {
          "name": "Yagba West",
          "postalCode": 20
        }
      ]
    }
  },
  {
    "state": {
      "name": "Kwara State",
      "postalCode": 240001,
      "lga": [
        {
          "name": "Baruten",
          "postalCode": 1
        },
        {
          "name": "Edu",
          "postalCode": 2
        },
        {
          "name": "Ekiti",
          "postalCode": 3
        },
        {
          "name": "Ifelodun",
          "postalCode": 4
        },
        {
          "name": "Ilorin East",
          "postalCode": 5
        },
        {
          "name": "Ilorin South",
          "postalCode": 6
        },
        {
          "name": "Ilorin West",
          "postalCode": 7
        },
        {
          "name": "Irepodun",
          "postalCode": 8
        },
        {
          "name": "Isin",
          "postalCode": 9
        },
        {
          "name": "Kaiama",
          "postalCode": 10
        },
        {
          "name": "Moro",
          "postalCode": 11
        },
        {
          "name": "Offa",
          "postalCode": 12
        },
        {
          "name": "Oke Ero",
          "postalCode": 13
        },
        {
          "name": "Oyun",
          "postalCode": 14
        },
        {
          "name": "Pategi",
          "postalCode": 15
        }
      ]
    }
  },
  {
    "state": {
      "name": "Lagos State",
      "postalCode": 100001,
      "lga": [
        {
          "name": "Agege",
          "postalCode": 100001
        },
        {
          "name": "Ajeromi-Ifelodun",
          "postalCode": 100001
        },
        {
          "name": "Alimosho",
          "postalCode": 100001
        },
        {
          "name": "Amuwo-Odofin",
          "postalCode": 100001
        },
        {
          "name": "Apapa",
          "postalCode": 100001
        },
        {
          "name": "Badagry",
          "postalCode": 100001
        },
        {
          "name": "Epe",
          "postalCode": 106101
        },
        {
          "name": "Eti Osa",
          "postalCode": 101233
        },
        {
          "name": "Ibeju-Lekki",
          "postalCode": 100001
        },
        {
          "name": "Ifako-Ijaiye",
          "postalCode": 100001
        },
        {
          "name": "Ikeja",
          "postalCode": 900001
        },
        {
          "name": "Ikorodu",
          "postalCode": 104101
        },
        {
          "name": "Kosofe",
          "postalCode": 100001
        },
        {
          "name": "Lagos Island",
          "postalCode": 100001
        },
        {
          "name": "Lagos Mainland",
          "postalCode": 100001
        },
        {
          "name": "Mushin",
          "postalCode": 100001
        },
        {
          "name": "Ojo",
          "postalCode": 100001
        },
        {
          "name": "Oshodi-Isolo",
          "postalCode": 100001
        },
        {
          "name": "Shomolu",
          "postalCode": 100001
        },
        {
          "name": "Surulere",
          "postalCode": 100001
        }
      ]
    }
  },
  {
    "state": {
      "name": "Nasarawa State",
      "postalCode": 962001,
      "lga": [
        {
          "name": "Awe",
          "postalCode": 962001
        },
        {
          "name": "Doma",
          "postalCode": 962001
        },
        {
          "name": "Karu",
          "postalCode": 962001
        },
        {
          "name": "Keana",
          "postalCode": 962001
        },
        {
          "name": "Keffi",
          "postalCode": 962001
        },
        {
          "name": "Kokona",
          "postalCode": 962001
        },
        {
          "name": "Lafia",
          "postalCode": 962001
        },
        {
          "name": "Nasarawa",
          "postalCode": 962001
        },
        {
          "name": "Nasarawa Egon",
          "postalCode": 962001
        },
        {
          "name": "Obi",
          "postalCode": 962001
        },
        {
          "name": "Toto",
          "postalCode": 962001
        },
        {
          "name": "Wamba",
          "postalCode": 962001
        }
      ]
    }
  },
  {
    "state": {
      "name": "Niger State",
      "postalCode": 920001,
      "lga": [
        {
          "name": "Agwara",
          "postalCode": 920001
        },
        {
          "name": "BpostalCodea",
          "postalCode": 920001
        },
        {
          "name": "Borgu",
          "postalCode": 920001
        },
        {
          "name": "Bosso",
          "postalCode": 920001
        },
        {
          "name": "Chanchaga",
          "postalCode": 920001
        },
        {
          "name": "Edati",
          "postalCode": 920001
        },
        {
          "name": "Gbako",
          "postalCode": 920001
        },
        {
          "name": "Gurara",
          "postalCode": 920001
        },
        {
          "name": "Katcha",
          "postalCode": 920001
        },
        {
          "name": "Kontagora",
          "postalCode": 920001
        },
        {
          "name": "Lapai",
          "postalCode": 920001
        },
        {
          "name": "Lavun",
          "postalCode": 920001
        },
        {
          "name": "Magama",
          "postalCode": 920001
        },
        {
          "name": "Mariga",
          "postalCode": 920001
        },
        {
          "name": "Mashegu",
          "postalCode": 920001
        },
        {
          "name": "Mokwa",
          "postalCode": 920001
        },
        {
          "name": "Moya",
          "postalCode": 920001
        },
        {
          "name": "Paikoro",
          "postalCode": 920001
        },
        {
          "name": "Rafi",
          "postalCode": 920001
        },
        {
          "name": "Rijau",
          "postalCode": 920001
        },
        {
          "name": "Shiroro",
          "postalCode": 920001
        },
        {
          "name": "Suleja",
          "postalCode": 920001
        },
        {
          "name": "Tafa",
          "postalCode": 920001
        },
        {
          "name": "Wushishi",
          "postalCode": 920001
        }
      ]
    }
  },
  {
    "state": {
      "name": "Ogun State",
      "postalCode": 110001,
      "lga": [
        {
          "name": "Abeokuta South",
          "postalCode": 110001
        },
        {
          "name": "Ado-Odo\/Ota",
          "postalCode": 110001
        },
        {
          "name": "Egbado North",
          "postalCode": 110001
        },
        {
          "name": "Egbado South",
          "postalCode": 110001
        },
        {
          "name": "Ewekoro",
          "postalCode": 110001
        },
        {
          "name": "Ifo",
          "postalCode": 110001
        },
        {
          "name": "Ijebu East",
          "postalCode": 110001
        },
        {
          "name": "Ijebu North",
          "postalCode": 110001
        },
        {
          "name": "Ijebu North East",
          "postalCode": 110001
        },
        {
          "name": "Ijebu Ode",
          "postalCode": 110001
        },
        {
          "name": "Ikenne",
          "postalCode": 110001
        },
        {
          "name": "Imeko Afon",
          "postalCode": 110001
        },
        {
          "name": "Ipokia",
          "postalCode": 110001
        },
        {
          "name": "Obafemi Owode",
          "postalCode": 110001
        },
        {
          "name": "Odeda",
          "postalCode": 110001
        },
        {
          "name": "Odogbolu",
          "postalCode": 110001
        },
        {
          "name": "Ogun WaterspostalCodee",
          "postalCode": 110001
        },
        {
          "name": "Remo North",
          "postalCode": 110001
        },
        {
          "name": "Shagamu",
          "postalCode": 110001
        }
      ]
    }
  },
  {
    "state": {
      "name": "Ondo State",
      "postalCode": 340001,
      "lga": [
        {
          "name": "Akoko North-West",
          "postalCode": 340001
        },
        {
          "name": "Akoko South-West",
          "postalCode": 340001
        },
        {
          "name": "Akoko South-East",
          "postalCode": 340001
        },
        {
          "name": "Akure North",
          "postalCode": 340001
        },
        {
          "name": "Akure South",
          "postalCode": 340001
        },
        {
          "name": "Ese Odo",
          "postalCode": 340001
        },
        {
          "name": "postalCodeanre",
          "postalCode": 340001
        },
        {
          "name": "Ifedore",
          "postalCode": 340001
        },
        {
          "name": "Ilaje",
          "postalCode": 340001
        },
        {
          "name": "Ile Oluji\/Okeigbo",
          "postalCode": 340001
        },
        {
          "name": "Irele",
          "postalCode": 340001
        },
        {
          "name": "Odigbo",
          "postalCode": 340001
        },
        {
          "name": "Okitipupa",
          "postalCode": 340001
        },
        {
          "name": "Ondo East",
          "postalCode": 340001
        },
        {
          "name": "Ondo West",
          "postalCode": 340001
        },
        {
          "name": "Ose",
          "postalCode": 340001
        },
        {
          "name": "Owo",
          "postalCode": 340001
        }
      ]
    }
  },
  {
    "state": {
      "name": "Osun State",
      "postalCode": 230001,
      "lga": [
        {
          "name": "Atakunmosa West",
          "postalCode": 230001
        },
        {
          "name": "Aiyedaade",
          "postalCode": 230001
        },
        {
          "name": "Aiyedire",
          "postalCode": 230001
        },
        {
          "name": "Boluwaduro",
          "postalCode": 230001
        },
        {
          "name": "Boripe",
          "postalCode": 230001
        },
        {
          "name": "Ede North",
          "postalCode": 230001
        },
        {
          "name": "Ede South",
          "postalCode": 230001
        },
        {
          "name": "Ife Central",
          "postalCode": 230001
        },
        {
          "name": "Ife East",
          "postalCode": 230001
        },
        {
          "name": "Ife North",
          "postalCode": 230001
        },
        {
          "name": "Ife South",
          "postalCode": 230001
        },
        {
          "name": "Egbedore",
          "postalCode": 230001
        },
        {
          "name": "Ejigbo",
          "postalCode": 230001
        },
        {
          "name": "Ifedayo",
          "postalCode": 230001
        },
        {
          "name": "Ifelodun",
          "postalCode": 230001
        },
        {
          "name": "Ila",
          "postalCode": 230001
        },
        {
          "name": "Ilesa East",
          "postalCode": 230001
        },
        {
          "name": "Ilesa West",
          "postalCode": 230001
        },
        {
          "name": "Irepodun",
          "postalCode": 230001
        },
        {
          "name": "Irewole",
          "postalCode": 230001
        },
        {
          "name": "Isokan",
          "postalCode": 230001
        },
        {
          "name": "Iwo",
          "postalCode": 230001
        },
        {
          "name": "Obokun",
          "postalCode": 230001
        },
        {
          "name": "Odo Otin",
          "postalCode": 230001
        },
        {
          "name": "Ola Oluwa",
          "postalCode": 230001
        },
        {
          "name": "Olorunda",
          "postalCode": 230001
        },
        {
          "name": "Oriade",
          "postalCode": 230001
        },
        {
          "name": "Orolu",
          "postalCode": 230001
        },
        {
          "name": "Osogbo",
          "postalCode": 230001
        }
      ]
    }
  },
  {
    "state": {
      "name": "Oyo State",
      "postalCode": 200001,
      "lga": [
        {
          "name": "Akinyele",
          "postalCode": 200001
        },
        {
          "name": "Atiba",
          "postalCode": 200001
        },
        {
          "name": "Atisbo",
          "postalCode": 200001
        },
        {
          "name": "Egbeda",
          "postalCode": 200001
        },
        {
          "name": "Ibadan North",
          "postalCode": 200001
        },
        {
          "name": "Ibadan North-East",
          "postalCode": 200001
        },
        {
          "name": "Ibadan North-West",
          "postalCode": 200001
        },
        {
          "name": "Ibadan South-East",
          "postalCode": 200001
        },
        {
          "name": "Ibadan South-West",
          "postalCode": 200001
        },
        {
          "name": "Ibarapa Central",
          "postalCode": 200001
        },
        {
          "name": "Ibarapa East",
          "postalCode": 200001
        },
        {
          "name": "Ibarapa North",
          "postalCode": 200001
        },
        {
          "name": "postalCodeo",
          "postalCode": 200001
        },
        {
          "name": "Irepo",
          "postalCode": 200001
        },
        {
          "name": "Iseyin",
          "postalCode": 200001
        },
        {
          "name": "Itesiwaju",
          "postalCode": 200001
        },
        {
          "name": "Iwajowa",
          "postalCode": 200001
        },
        {
          "name": "Kajola",
          "postalCode": 200001
        },
        {
          "name": "Lagelu",
          "postalCode": 200001
        },
        {
          "name": "Ogbomosho North",
          "postalCode": 200001
        },
        {
          "name": "Ogbomosho South",
          "postalCode": 200001
        },
        {
          "name": "Ogo Oluwa",
          "postalCode": 200001
        },
        {
          "name": "Olorunsogo",
          "postalCode": 200001
        },
        {
          "name": "Oluyole",
          "postalCode": 200001
        },
        {
          "name": "Ona Ara",
          "postalCode": 200001
        },
        {
          "name": "Orelope",
          "postalCode": 200001
        },
        {
          "name": "Ori Ire",
          "postalCode": 200001
        },
        {
          "name": "Oyo",
          "postalCode": 200001
        },
        {
          "name": "Oyo East",
          "postalCode": 200001
        },
        {
          "name": "Saki East",
          "postalCode": 200001
        },
        {
          "name": "Saki West",
          "postalCode": 200001
        },
        {
          "name": "Surulere",
          "postalCode": 200001
        }
      ]
    }
  },
  {
    "state": {
      "name": "Plateau State",
      "postalCode": 930001,
      "lga": [
        {
          "name": "Barkin Ladi",
          "postalCode": 930001
        },
        {
          "name": "Bassa",
          "postalCode": 930001
        },
        {
          "name": "Jos East",
          "postalCode": 930001
        },
        {
          "name": "Jos North",
          "postalCode": 930001
        },
        {
          "name": "Jos South",
          "postalCode": 930001
        },
        {
          "name": "Kanam",
          "postalCode": 930001
        },
        {
          "name": "Kanke",
          "postalCode": 930001
        },
        {
          "name": "Langtang South",
          "postalCode": 930001
        },
        {
          "name": "Langtang North",
          "postalCode": 930001
        },
        {
          "name": "Mangu",
          "postalCode": 930001
        },
        {
          "name": "Mikang",
          "postalCode": 930001
        },
        {
          "name": "Pankshin",
          "postalCode": 930001
        },
        {
          "name": "Qua'an Pan",
          "postalCode": 930001
        },
        {
          "name": "Riyom",
          "postalCode": 930001
        },
        {
          "name": "Shendam",
          "postalCode": 930001
        },
        {
          "name": "Wase",
          "postalCode": 930001
        }
      ]
    }
  },
  {
    "state": {
      "name": "Rivers State",
      "postalCode": 500001,
      "lga": [
        {
          "name": "Ahoada East",
          "postalCode": 500001
        },
        {
          "name": "Ahoada West",
          "postalCode": 500001
        },
        {
          "name": "Akuku-Toru",
          "postalCode": 500001
        },
        {
          "name": "Andoni",
          "postalCode": 500001
        },
        {
          "name": "Asari-Toru",
          "postalCode": 500001
        },
        {
          "name": "Bonny",
          "postalCode": 500001
        },
        {
          "name": "Degema",
          "postalCode": 500001
        },
        {
          "name": "Eleme",
          "postalCode": 500001
        },
        {
          "name": "Emuoha",
          "postalCode": 500001
        },
        {
          "name": "Etche",
          "postalCode": 500001
        },
        {
          "name": "Gokana",
          "postalCode": 500001
        },
        {
          "name": "Ikwerre",
          "postalCode": 500001
        },
        {
          "name": "Khana",
          "postalCode": 500001
        },
        {
          "name": "Obio\/Akpor",
          "postalCode": 500001
        },
        {
          "name": "Ogba\/Egbema\/Ndoni",
          "postalCode": 500001
        },
        {
          "name": "Ogu\/Bolo",
          "postalCode": 500001
        },
        {
          "name": "Okrika",
          "postalCode": 500001
        },
        {
          "name": "Omuma",
          "postalCode": 500001
        },
        {
          "name": "Opobo\/Nkoro",
          "postalCode": 500001
        },
        {
          "name": "Oyigbo",
          "postalCode": 500001
        },
        {
          "name": "Port Harcourt",
          "postalCode": 500001
        },
        {
          "name": "Tai",
          "postalCode": 500001
        }
      ]
    }
  },
  {
    "state": {
      "name": "Sokoto State",
      "postalCode": 840001,
      "lga": [
        {
          "name": "Bodinga",
          "postalCode": 840001
        },
        {
          "name": "Dange Shuni",
          "postalCode": 840001
        },
        {
          "name": "Gada",
          "postalCode": 840001
        },
        {
          "name": "Goronyo",
          "postalCode": 840001
        },
        {
          "name": "Gudu",
          "postalCode": 840001
        },
        {
          "name": "Gwadabawa",
          "postalCode": 840001
        },
        {
          "name": "Illela",
          "postalCode": 840001
        },
        {
          "name": "Isa",
          "postalCode": 840001
        },
        {
          "name": "Kebbe",
          "postalCode": 840001
        },
        {
          "name": "Kware",
          "postalCode": 840001
        },
        {
          "name": "Rabah",
          "postalCode": 840001
        },
        {
          "name": "Sabon Birni",
          "postalCode": 840001
        },
        {
          "name": "Shagari",
          "postalCode": 840001
        },
        {
          "name": "Silame",
          "postalCode": 840001
        },
        {
          "name": "Sokoto North",
          "postalCode": 840001
        },
        {
          "name": "Sokoto South",
          "postalCode": 840001
        },
        {
          "name": "Tambuwal",
          "postalCode": 840001
        },
        {
          "name": "Tangaza",
          "postalCode": 840001
        },
        {
          "name": "Tureta",
          "postalCode": 840001
        },
        {
          "name": "Wamako",
          "postalCode": 840001
        },
        {
          "name": "Wurno",
          "postalCode": 840001
        },
        {
          "name": "Yabo",
          "postalCode": 840001
        }
      ]
    }
  },
  {
    "state": {
      "name": "Taraba State",
      "postalCode": 660001,
      "lga": [
        {
          "name": "Bali",
          "postalCode": 660001
        },
        {
          "name": "Donga",
          "postalCode": 660001
        },
        {
          "name": "Gashaka",
          "postalCode": 660001
        },
        {
          "name": "Gassol",
          "postalCode": 660001
        },
        {
          "name": "Ibi",
          "postalCode": 660001
        },
        {
          "name": "Jalingo",
          "postalCode": 660001
        },
        {
          "name": "Karim LampostalCodeo",
          "postalCode": 660001
        },
        {
          "name": "Kumi",
          "postalCode": 660001
        },
        {
          "name": "Lau",
          "postalCode": 660001
        },
        {
          "name": "Sardauna",
          "postalCode": 660001
        },
        {
          "name": "Takum",
          "postalCode": 660001
        },
        {
          "name": "Ussa",
          "postalCode": 660001
        },
        {
          "name": "Wukari",
          "postalCode": 660001
        },
        {
          "name": "Yorro",
          "postalCode": 660001
        },
        {
          "name": "Zing",
          "postalCode": 660001
        }
      ]
    }
  },
  {
    "state": {
      "name": "Yobe State",
      "postalCode": 320001,
      "lga": [
        {
          "name": "Bursari",
          "postalCode": 320001
        },
        {
          "name": "Damaturu",
          "postalCode": 320001
        },
        {
          "name": "Fika",
          "postalCode": 320001
        },
        {
          "name": "Fune",
          "postalCode": 320001
        },
        {
          "name": "GepostalCodeam",
          "postalCode": 320001
        },
        {
          "name": "Gujba",
          "postalCode": 320001
        },
        {
          "name": "Gulani",
          "postalCode": 320001
        },
        {
          "name": "Jakusko",
          "postalCode": 320001
        },
        {
          "name": "Karasuwa",
          "postalCode": 320001
        },
        {
          "name": "Machina",
          "postalCode": 320001
        },
        {
          "name": "Nangere",
          "postalCode": 320001
        },
        {
          "name": "Nguru",
          "postalCode": 320001
        },
        {
          "name": "Potiskum",
          "postalCode": 320001
        },
        {
          "name": "Tarmuwa",
          "postalCode": 320001
        },
        {
          "name": "Yunusari",
          "postalCode": 320001
        },
        {
          "name": "Yusufari",
          "postalCode": 320001
        }
      ]
    }
  },
  {
    "state": {
      "name": "Zamfara State",
      "postalCode": 860001,
      "lga": [
        {
          "name": "Bakura",
          "postalCode": 860001
        },
        {
          "name": "Birnin Magaji\/Kiyaw",
          "postalCode": 860001
        },
        {
          "name": "Bukkuyum",
          "postalCode": 860001
        },
        {
          "name": "Bungudu",
          "postalCode": 860001
        },
        {
          "name": "Gummi",
          "postalCode": 860001
        },
        {
          "name": "Gusau",
          "postalCode": 860001
        },
        {
          "name": "Kaura Namoda",
          "postalCode": 860001
        },
        {
          "name": "Maradun",
          "postalCode": 860001
        },
        {
          "name": "Maru",
          "postalCode": 860001
        },
        {
          "name": "Shinkafi",
          "postalCode": 860001
        },
        {
          "name": "Talata Mafara",
          "postalCode": 860001
        },
        {
          "name": "Chafe",
          "postalCode": 860001
        },
        {
          "name": "Zurmi",
          "postalCode": 860001
        }
      ]
    }
  }
]